Fecha,Nombre,Set,Ruta_Imagen
2026-03-25 18:51:41,Ulvenwald Mysteries,j25,dataset_rlhf\j25_Ulvenwald_Mysteries_20260325_185141.jpg
2026-03-25 19:01:13,Abundant Growth,ema,dataset_rlhf\ema_Abundant_Growth_20260325_190113.jpg
2026-04-10 00:24:42,Take Flight,bro,dataset_rlhf\bro\Take_Flight_20260410_002442.jpg
2026-04-10 00:29:54,Weakstone's Subjugation,bro,dataset_rlhf\bro\Weakstone's_Subjugation_20260410_002954.jpg
2026-04-10 00:43:01,Myr Custodian,one,dataset_rlhf\one\Myr_Custodian_20260410_004301.jpg
2026-04-10 01:57:07,Rhino's Rampage,spm,dataset_rlhf\spm\Rhino's_Rampage_20260410_015707.jpg
2026-04-10 01:57:38,Beastie Beatdown,dsk,dataset_rlhf\dsk\Beastie_Beatdown_20260410_015738.jpg
2026-04-10 01:58:07,Midnight Mayhem,dsk,dataset_rlhf\dsk\Midnight_Mayhem_20260410_015807.jpg
2026-04-10 01:58:37,Rite of the Moth,dsk,dataset_rlhf\dsk\Rite_of_the_Moth_20260410_015837.jpg
2026-04-10 01:59:05,Lie in Wait,tdm,dataset_rlhf\tdm\Lie_in_Wait_20260410_015905.jpg
2026-04-10 01:59:26,Pumpkin Bombardment,spm,dataset_rlhf\spm\Pumpkin_Bombardment_20260410_015926.jpg
2026-04-10 02:00:00,"Ruby, Daring Tracker",woe,"dataset_rlhf\woe\Ruby,_Daring_Tracker_20260410_020000.jpg"
2026-04-10 02:00:16,"Johann, Apprentice Sorcerer",woe,"dataset_rlhf\woe\Johann,_Apprentice_Sorcerer_20260410_020016.jpg"
2026-04-10 02:05:53,"Syr Armont, the Redeemer",woe,"dataset_rlhf\woe\Syr_Armont,_the_Redeemer_20260410_020553.jpg"
2026-04-10 02:16:31,"Troyan, Gutsy Explorer",woe,"dataset_rlhf\woe\Troyan,_Gutsy_Explorer_20260410_021631.jpg"
2026-04-10 02:16:57,"Scarlet Spider, Kaine",spm,"dataset_rlhf\spm\Scarlet_Spider,_Kaine_20260410_021657.jpg"
2026-04-10 02:17:35,"Prowler, Clawed Thief",spm,"dataset_rlhf\spm\Prowler,_Clawed_Thief_20260410_021735.jpg"
2026-04-10 02:17:58,"Sun-Spider, Nimble Webber",spm,"dataset_rlhf\spm\Sun-Spider,_Nimble_Webber_20260410_021758.jpg"
2026-04-10 02:23:58,"Shriek, Treblemaker",spm,"dataset_rlhf\spm\Shriek,_Treblemaker_20260410_022358.jpg"
2026-04-10 02:24:40,"Vulture, Scheming Scavenger",spm,"dataset_rlhf\spm\Vulture,_Scheming_Scavenger_20260410_022440.jpg"
2026-04-10 02:24:56,"SP//dr, Piloted by Peni",spm,"dataset_rlhf\spm\SP--dr,_Piloted_by_Peni_20260410_022456.jpg"
2026-04-10 02:25:15,"Kraven, Proud Predator",spm,"dataset_rlhf\spm\Kraven,_Proud_Predator_20260410_022515.jpg"
2026-04-10 02:34:41,"Kraven, Proud Predator",spm,132,"dataset_rlhf\spm\132_Kraven,_Proud_Predator_20260410_023441.jpg"
2026-04-10 02:35:21,"Arabella, Abandoned Doll",dsk,208,"dataset_rlhf\dsk\208_Arabella,_Abandoned_Doll_20260410_023521.jpg"
2026-04-10 02:35:55,Inquisitive Glimmer,dsk,217,dataset_rlhf\dsk\217_Inquisitive_Glimmer_20260410_023555.jpg
2026-04-10 02:36:22,Broodspinner,dsk,211,dataset_rlhf\dsk\211_Broodspinner_20260410_023622.jpg
2026-04-10 02:36:44,Cloudspire Coordinator,dft,196,dataset_rlhf\dft\196_Cloudspire_Coordinator_20260410_023644.jpg
2026-04-10 02:37:19,Evangel of Synthesis,bro,209,dataset_rlhf\bro\209_Evangel_of_Synthesis_20260410_023719.jpg
2026-04-10 02:37:38,Shrewd Storyteller,dsk,232,dataset_rlhf\dsk\232_Shrewd_Storyteller_20260410_023738.jpg
2026-04-10 02:38:07,Broodspinner,dsk,211,dataset_rlhf\dsk\211_Broodspinner_20260410_023807.jpg
2026-04-10 02:38:36,Skullsnap Nuisance,dsk,234,dataset_rlhf\dsk\234_Skullsnap_Nuisance_20260410_023836.jpg
2026-04-10 03:34:23,Stalwart Successor,tdm,227,dataset_rlhf\tdm\227_Stalwart_Successor_20260410_033423.jpg
2026-04-10 03:34:42,Skyfisher Spider,bro,221,dataset_rlhf\bro\221_Skyfisher_Spider_20260410_033442.jpg
2026-04-10 03:35:20,Yotian Tactician,bro,228,dataset_rlhf\bro\228_Yotian_Tactician_20260410_033520.jpg
2026-04-10 03:35:41,Kishla Skimmer,tdm,201,dataset_rlhf\tdm\201_Kishla_Skimmer_20260410_033541.jpg
2026-04-10 03:36:11,Fireglass Mentor,blb,213,dataset_rlhf\blb\213_Fireglass_Mentor_20260410_033611.jpg
2026-04-10 03:36:29,Pond Prophet,blb,229,dataset_rlhf\blb\229_Pond_Prophet_20260410_033629.jpg
2026-04-10 03:37:23,Corpseberry Cultivator,blb,210,dataset_rlhf\blb\210_Corpseberry_Cultivator_20260410_033723.jpg
2026-04-10 03:37:49,Corpseberry Cultivator,blb,210,dataset_rlhf\blb\210_Corpseberry_Cultivator_20260410_033749.jpg
2026-04-10 03:38:14,Mind Drill Assailant,blb,225,dataset_rlhf\blb\225_Mind_Drill_Assailant_20260410_033814.jpg
2026-04-10 03:38:33,Cindering Cutthroat,blb,208,dataset_rlhf\blb\208_Cindering_Cutthroat_20260410_033833.jpg
2026-04-10 03:38:46,Spider Manifestation,spm,148,dataset_rlhf\spm\148_Spider_Manifestation_20260410_033846.jpg
2026-04-10 03:39:01,Gurmag Nightwatch,tdm,190,dataset_rlhf\tdm\190_Gurmag_Nightwatch_20260410_033901.jpg
2026-04-10 03:39:21,Gallant Citizen,spm,129,dataset_rlhf\spm\129_Gallant_Citizen_20260410_033921.jpg
2026-04-10 03:39:43,Wildfire Wickerfolk,dsk,239,dataset_rlhf\dsk\239_Wildfire_Wickerfolk_20260410_033943.jpg
2026-04-10 03:40:55,Lightfoot Technique,tdm,14,dataset_rlhf\tdm\14_Lightfoot_Technique_20260410_034055.jpg
2026-04-10 03:42:18,Pressure Point,znr,33,dataset_rlhf\znr\33_Pressure_Point_20260410_034218.jpg
2026-04-10 03:43:08,Pressure Point,znr,33,dataset_rlhf\znr\33_Pressure_Point_20260410_034308.jpg
2026-04-10 03:44:45,Lumbering Laundry,mkm,253,dataset_rlhf\mkm\253_Lumbering_Laundry_20260410_034445.jpg
2026-04-10 03:45:36,Watcher of the Wayside,tdm,249,dataset_rlhf\tdm\249_Watcher_of_the_Wayside_20260410_034536.jpg
2026-04-10 03:47:04,Lay Down Arms,bro,11,dataset_rlhf\bro\11_Lay_Down_Arms_20260410_034704.jpg
2026-04-13 23:26:18,Mishra's Research Desk,bro,162,dataset_rlhf\bro\162_Mishra's_Research_Desk_20260413_232618.jpg
2026-04-13 23:26:36,Mishra's Research Desk,bro,162,dataset_rlhf\bro\162_Mishra's_Research_Desk_20260413_232636.jpg
2026-04-13 23:27:01,Relic Vial,znr,250,dataset_rlhf\znr\250_Relic_Vial_20260413_232701.jpg
2026-04-13 23:27:54,Whirlermaker,j25,762,dataset_rlhf\j25\762_Whirlermaker_20260413_232754.jpg
2026-04-13 23:28:18,Transmogrant Altar,bro,124,dataset_rlhf\bro\124_Transmogrant_Altar_20260413_232818.jpg
2026-04-13 23:28:36,Transmogrant Altar,bro,124,dataset_rlhf\bro\124_Transmogrant_Altar_20260413_232836.jpg
2026-04-13 23:28:54,Haunted Screen,dsk,250,dataset_rlhf\dsk\250_Haunted_Screen_20260413_232854.jpg
2026-04-13 23:29:15,Short Bow,blb,248,dataset_rlhf\blb\248_Short_Bow_20260413_232915.jpg
2026-04-13 23:29:53,Surgical Skullbomb,one,243,dataset_rlhf\one\243_Surgical_Skullbomb_20260413_232953.jpg
2026-04-13 23:30:15,Tamiyo's Immobilizer,one,69,dataset_rlhf\one\69_Tamiyo's_Immobilizer_20260413_233015.jpg
2026-04-13 23:30:47,Tamiyo's Immobilizer,one,69,dataset_rlhf\one\69_Tamiyo's_Immobilizer_20260413_233047.jpg
2026-04-13 23:31:08,Traveler's Amulet,inr,273,dataset_rlhf\inr\273_Traveler's_Amulet_20260413_233108.jpg
2026-04-13 23:31:51,Bear Trap,dsk,243,dataset_rlhf\dsk\243_Bear_Trap_20260413_233151.jpg
2026-04-13 23:32:19,Bear Trap,dsk,243,dataset_rlhf\dsk\243_Bear_Trap_20260413_233219.jpg
2026-04-13 23:34:33,Bear Trap,dsk,243,dataset_rlhf\dsk\243_Bear_Trap_20260413_233433.jpg
2026-04-13 23:34:58,Scrap Compactor,dft,242,dataset_rlhf\dft\242_Scrap_Compactor_20260413_233458.jpg
2026-04-13 23:35:17,Wayfarer's Bauble,tdc,335,dataset_rlhf\tdc\335_Wayfarer's_Bauble_20260413_233517.jpg
2026-04-13 23:35:32,Eerie Gravestone,spm,163,dataset_rlhf\spm\163_Eerie_Gravestone_20260413_233532.jpg
2026-04-13 23:35:55,Guidelight Matrix,dft,233,dataset_rlhf\dft\233_Guidelight_Matrix_20260413_233555.jpg
2026-04-13 23:36:50,Metalspinner's Puzzleknot,j25,755,dataset_rlhf\j25\755_Metalspinner's_Puzzleknot_20260413_233650.jpg
2026-04-13 23:37:46,Prophetic Prism,j25,758,dataset_rlhf\j25\758_Prophetic_Prism_20260413_233746.jpg
2026-04-13 23:38:01,Phyrexian Atlas,one,237,dataset_rlhf\one\237_Phyrexian_Atlas_20260413_233801.jpg
2026-04-13 23:38:19,Starting Column,dft,244,dataset_rlhf\dft\244_Starting_Column_20260413_233819.jpg
2026-04-13 23:38:33,Hot Dog Cart,spm,164,dataset_rlhf\spm\164_Hot_Dog_Cart_20260413_233833.jpg
2026-04-13 23:38:45,Steel Wrecking Ball,spm,177,dataset_rlhf\spm\177_Steel_Wrecking_Ball_20260413_233845.jpg
2026-04-13 23:38:56,Steel Wrecking Ball,spm,177,dataset_rlhf\spm\177_Steel_Wrecking_Ball_20260413_233856.jpg
2026-04-13 23:39:06,Goblin Firebomb,bro,235,dataset_rlhf\bro\235_Goblin_Firebomb_20260413_233906.jpg
2026-04-13 23:39:19,Energy Refractor,bro,234,dataset_rlhf\bro\234_Energy_Refractor_20260413_233919.jpg
2026-04-13 23:40:45,Blood Fountain,j25,407,dataset_rlhf\j25\407_Blood_Fountain_20260413_234045.jpg
2026-04-13 23:41:13,Grim Bauble,dft,88,dataset_rlhf\dft\88_Grim_Bauble_20260413_234113.jpg
2026-04-13 23:41:39,Essence Anchor,tdm,44,dataset_rlhf\tdm\44_Essence_Anchor_20260413_234139.jpg
2026-04-13 23:41:51,Pictures of Spider-Man,spm,109,dataset_rlhf\spm\109_Pictures_of_Spider-Man_20260413_234151.jpg
2026-04-13 23:42:26,White Auracite,fin,41,dataset_rlhf\fin\41_White_Auracite_20260413_234226.jpg
2026-04-13 23:42:40,Infested Fleshcutter,one,17,dataset_rlhf\one\17_Infested_Fleshcutter_20260413_234240.jpg
2026-04-13 23:42:52,Infested Fleshcutter,one,17,dataset_rlhf\one\17_Infested_Fleshcutter_20260413_234252.jpg
2026-04-13 23:43:04,Gorgon Flail,j25,752,dataset_rlhf\j25\752_Gorgon_Flail_20260413_234304.jpg
2026-04-13 23:43:21,Relic Axe,j25,759,dataset_rlhf\j25\759_Relic_Axe_20260413_234321.jpg
2026-04-13 23:43:33,Saw,dsk,254,dataset_rlhf\dsk\254_Saw_20260413_234333.jpg
2026-04-13 23:43:54,Conductive Machete,dsk,244,dataset_rlhf\dsk\244_Conductive_Machete_20260413_234354.jpg
2026-04-13 23:44:09,Dredging Claw,bro,119,dataset_rlhf\bro\119_Dredging_Claw_20260413_234409.jpg
2026-04-13 23:44:22,Veteran's Powerblade,bro,41,dataset_rlhf\bro\41_Veteran's_Powerblade_20260413_234422.jpg
2026-04-13 23:44:33,Veteran's Powerblade,bro,41,dataset_rlhf\bro\41_Veteran's_Powerblade_20260413_234433.jpg
2026-04-13 23:44:41,Veteran's Powerblade,bro,41,dataset_rlhf\bro\41_Veteran's_Powerblade_20260413_234441.jpg
2026-04-13 23:45:08,Thieves' Tools,j25,126,dataset_rlhf\j25\126_Thieves'_Tools_20260413_234508.jpg
2026-04-13 23:45:19,Ancestral Blade,j25,160,dataset_rlhf\j25\160_Ancestral_Blade_20260413_234519.jpg
2026-04-13 23:45:40,Cobbled Wings,inr,258,dataset_rlhf\inr\258_Cobbled_Wings_20260413_234540.jpg
2026-04-13 23:45:50,Glimmerlight,dsk,249,dataset_rlhf\dsk\249_Glimmerlight_20260413_234550.jpg
2026-04-13 23:45:58,Glimmerlight,dsk,249,dataset_rlhf\dsk\249_Glimmerlight_20260413_234558.jpg
2026-04-13 23:46:05,Found Footage,dsk,246,dataset_rlhf\dsk\246_Found_Footage_20260413_234605.jpg
2026-04-13 23:46:18,Hexgold Halberd,one,136,dataset_rlhf\one\136_Hexgold_Halberd_20260413_234618.jpg
2026-04-13 23:46:26,Hexgold Halberd,one,136,dataset_rlhf\one\136_Hexgold_Halberd_20260413_234626.jpg
2026-04-13 23:46:34,Hexgold Halberd,one,136,dataset_rlhf\one\136_Hexgold_Halberd_20260413_234634.jpg
2026-04-13 23:46:44,Bespoke Battlegarb,woe,122,dataset_rlhf\woe\122_Bespoke_Battlegarb_20260413_234644.jpg
2026-04-13 23:47:04,Scavenged Blade,j25,596,dataset_rlhf\j25\596_Scavenged_Blade_20260413_234704.jpg
2026-04-13 23:47:17,Vulshok Splitter,one,156,dataset_rlhf\one\156_Vulshok_Splitter_20260413_234717.jpg
2026-04-13 23:47:27,Vulshok Splitter,one,156,dataset_rlhf\one\156_Vulshok_Splitter_20260413_234727.jpg
2026-04-13 23:47:39,Vulshok Splitter,one,156,dataset_rlhf\one\156_Vulshok_Splitter_20260413_234739.jpg
2026-04-13 23:47:54,Barbed Batterfist,one,121,dataset_rlhf\one\121_Barbed_Batterfist_20260413_234754.jpg
2026-04-13 23:48:04,Barbed Batterfist,one,121,dataset_rlhf\one\121_Barbed_Batterfist_20260413_234804.jpg
2026-04-13 23:48:14,Barbed Batterfist,one,121,dataset_rlhf\one\121_Barbed_Batterfist_20260413_234814.jpg
2026-04-13 23:48:30,Wolfrider's Saddle,j25,740,dataset_rlhf\j25\740_Wolfrider's_Saddle_20260413_234830.jpg
2026-04-13 23:48:43,Web-Shooters,spm,22,dataset_rlhf\spm\22_Web-Shooters_20260413_234843.jpg
2026-04-13 23:48:52,Stormbeacon Blade,tdm,27,dataset_rlhf\tdm\27_Stormbeacon_Blade_20260413_234852.jpg
2026-04-13 23:49:01,Rover Blades,dft,241,dataset_rlhf\dft\241_Rover_Blades_20260413_234901.jpg
2026-04-13 23:49:14,Spider-Mobile,spm,174,dataset_rlhf\spm\174_Spider-Mobile_20260413_234914.jpg
2026-04-13 23:49:29,Passenger Ferry,spm,170,dataset_rlhf\spm\170_Passenger_Ferry_20260413_234929.jpg
2026-04-13 23:49:40,Skybox Ferry,dft,243,dataset_rlhf\dft\243_Skybox_Ferry_20260413_234940.jpg
2026-04-13 23:50:09,Honeymoon Hearse,inr,159,dataset_rlhf\inr\159_Honeymoon_Hearse_20260413_235009.jpg
2026-04-13 23:50:17,Veloheart Bike,dft,184,dataset_rlhf\dft\184_Veloheart_Bike_20260413_235017.jpg
2026-04-13 23:50:28,Hulldrifter,dft,47,dataset_rlhf\dft\47_Hulldrifter_20260413_235028.jpg
2026-04-13 23:50:37,Carrion Cruiser,dft,78,dataset_rlhf\dft\78_Carrion_Cruiser_20260413_235037.jpg
2026-04-13 23:50:48,Ripclaw Wrangler,dft,101,dataset_rlhf\dft\101_Ripclaw_Wrangler_20260413_235048.jpg
2026-04-13 23:50:58,Spotcycle Scouter,dft,30,dataset_rlhf\dft\30_Spotcycle_Scouter_20260413_235058.jpg
2026-04-13 23:51:06,Dune Drifter,dft,200,dataset_rlhf\dft\200_Dune_Drifter_20260413_235106.jpg
2026-04-13 23:51:20,Rocketeer Boostbuggy,dft,220,dataset_rlhf\dft\220_Rocketeer_Boostbuggy_20260413_235120.jpg
2026-04-13 23:51:33,Thundering Broodwagon,dft,225,dataset_rlhf\dft\225_Thundering_Broodwagon_20260413_235133.jpg
2026-04-13 23:51:55,Boosted Sloop,dft,190,dataset_rlhf\dft\190_Boosted_Sloop_20260413_235155.jpg
2026-04-13 23:52:40,"Kaust, Eyes of the Glade",mkc,49,"dataset_rlhf\mkc\49_Kaust,_Eyes_of_the_Glade_20260413_235240.jpg"
2026-04-13 23:53:06,"Millicent, Restless Revenant",voc,1,"dataset_rlhf\voc\1_Millicent,_Restless_Revenant_20260413_235306.jpg"
2026-04-14 01:23:35,Lupinflower Village,blb,256,dataset_rlhf\blb\256_Lupinflower_Village_20260414_012335.jpg
2026-04-14 01:23:55,Vibrant Cityscape,spm,188,dataset_rlhf\spm\188_Vibrant_Cityscape_20260414_012355.jpg
2026-04-14 01:24:06,Vibrant Cityscape,spm,188,dataset_rlhf\spm\188_Vibrant_Cityscape_20260414_012406.jpg
2026-04-14 01:33:49,Evolving Wilds,tdm,255,dataset_rlhf\tdm\255_Evolving_Wilds_20260414_013349.jpg
2026-04-14 01:34:04,Evolving Wilds,bro,261,dataset_rlhf\bro\261_Evolving_Wilds_20260414_013404.jpg
2026-04-14 01:34:23,Terramorphic Expanse,dsk,269,dataset_rlhf\dsk\269_Terramorphic_Expanse_20260414_013423.jpg
2026-04-14 01:34:43,Terramorphic Expanse,dsk,269,dataset_rlhf\dsk\269_Terramorphic_Expanse_20260414_013443.jpg
2026-04-14 01:35:26,Opulent Palace,tdm,264,dataset_rlhf\tdm\264_Opulent_Palace_20260414_013526.jpg
2026-04-14 01:35:37,Night Market,dft,258,dataset_rlhf\dft\258_Night_Market_20260414_013537.jpg
2026-04-14 01:35:46,Mystic Monastery,tdm,262,dataset_rlhf\tdm\262_Mystic_Monastery_20260414_013546.jpg
2026-04-14 01:36:20,Path of Ancestry,tdc,382,dataset_rlhf\tdc\382_Path_of_Ancestry_20260414_013620.jpg
2026-04-14 01:36:52,Cave of Temptation,j25,763,dataset_rlhf\j25\763_Cave_of_Temptation_20260414_013652.jpg
2026-04-14 01:37:00,Thriving Isle,j25,778,dataset_rlhf\j25\778_Thriving_Isle_20260414_013700.jpg
2026-04-14 01:37:10,Thriving Isle,j25,778,dataset_rlhf\j25\778_Thriving_Isle_20260414_013710.jpg
2026-04-14 01:37:28,Thriving Isle,j25,778,dataset_rlhf\j25\778_Thriving_Isle_20260414_013728.jpg
2026-04-14 01:39:14,Thriving Isle,j25,778,dataset_rlhf\j25\778_Thriving_Isle_20260414_013914.jpg
2026-04-14 01:39:23,Thriving Isle,j25,778,dataset_rlhf\j25\778_Thriving_Isle_20260414_013923.jpg
2026-04-14 01:39:46,Thriving Isle,j25,778,dataset_rlhf\j25\778_Thriving_Isle_20260414_013946.jpg
2026-04-14 01:40:02,Thriving Isle,j25,778,dataset_rlhf\j25\778_Thriving_Isle_20260414_014002.jpg
2026-04-14 01:40:15,Thriving Isle,j25,778,dataset_rlhf\j25\778_Thriving_Isle_20260414_014015.jpg
2026-04-14 01:40:25,Thriving Isle,j25,778,dataset_rlhf\j25\778_Thriving_Isle_20260414_014025.jpg
2026-04-14 01:40:47,Thriving Moor,j25,779,dataset_rlhf\j25\779_Thriving_Moor_20260414_014047.jpg
2026-04-14 01:41:33,Thriving Moor,j25,779,dataset_rlhf\j25\779_Thriving_Moor_20260414_014133.jpg
2026-04-14 01:42:15,Thriving Heath,j25,777,dataset_rlhf\j25\777_Thriving_Heath_20260414_014215.jpg
2026-04-14 01:42:35,Thriving Bluff,j25,775,dataset_rlhf\j25\775_Thriving_Bluff_20260414_014235.jpg
2026-04-14 01:42:50,Thriving Grove,j25,776,dataset_rlhf\j25\776_Thriving_Grove_20260414_014250.jpg
2026-04-14 01:42:59,Thriving Grove,j25,776,dataset_rlhf\j25\776_Thriving_Grove_20260414_014259.jpg
2026-04-14 01:43:07,Thriving Grove,j25,776,dataset_rlhf\j25\776_Thriving_Grove_20260414_014307.jpg
2026-04-14 01:43:21,Cave of Temptation,j25,763,dataset_rlhf\j25\763_Cave_of_Temptation_20260414_014321.jpg
2026-04-14 01:43:42,Lonely Sandbar,j25,769,dataset_rlhf\j25\769_Lonely_Sandbar_20260414_014342.jpg
2026-04-14 01:43:54,The Surgical Bay,one,260,dataset_rlhf\one\260_The_Surgical_Bay_20260414_014354.jpg
2026-04-14 01:44:10,The Surgical Bay,one,260,dataset_rlhf\one\260_The_Surgical_Bay_20260414_014410.jpg
2026-04-14 01:44:51,The Surgical Bay,one,260,dataset_rlhf\one\260_The_Surgical_Bay_20260414_014451.jpg
2026-04-14 01:45:04,Sinister Hideout,spm,184,dataset_rlhf\spm\184_Sinister_Hideout_20260414_014504.jpg
2026-04-14 01:45:19,Peculiar Lighthouse,dsk,265,dataset_rlhf\dsk\265_Peculiar_Lighthouse_20260414_014519.jpg
2026-04-14 01:45:31,Lakeside Shack,dsk,262,dataset_rlhf\dsk\262_Lakeside_Shack_20260414_014531.jpg
2026-04-14 01:51:37,Ominous Asylum,spm,181,dataset_rlhf\spm\181_Ominous_Asylum_20260414_015137.jpg
2026-04-14 01:51:45,Raucous Carnival,dsk,266,dataset_rlhf\dsk\266_Raucous_Carnival_20260414_015145.jpg
2026-04-14 01:52:41,Wind-Scarred Crag,tdm,271,dataset_rlhf\tdm\271_Wind-Scarred_Crag_20260414_015241.jpg
2026-04-14 01:52:57,Wind-Scarred Crag,dft,271,dataset_rlhf\dft\271_Wind-Scarred_Crag_20260414_015257.jpg
2026-04-14 01:53:08,Savage Mansion,spm,183,dataset_rlhf\spm\183_Savage_Mansion_20260414_015308.jpg
2026-04-14 01:53:19,The Autonomous Furnace,one,247,dataset_rlhf\one\247_The_Autonomous_Furnace_20260414_015319.jpg
2026-04-14 01:53:37,The Autonomous Furnace,one,247,dataset_rlhf\one\247_The_Autonomous_Furnace_20260414_015337.jpg
2026-04-14 01:53:47,The Autonomous Furnace,one,247,dataset_rlhf\one\247_The_Autonomous_Furnace_20260414_015347.jpg
2026-04-14 01:54:05,Rugged Highlands,tdm,265,dataset_rlhf\tdm\265_Rugged_Highlands_20260414_015405.jpg
2026-04-14 01:54:21,Rugged Highlands,tdm,265,dataset_rlhf\tdm\265_Rugged_Highlands_20260414_015421.jpg
2026-04-14 01:54:31,Rugged Highlands,tdm,265,dataset_rlhf\tdm\265_Rugged_Highlands_20260414_015431.jpg
2026-04-14 01:54:52,Thornwood Falls,dft,266,dataset_rlhf\dft\266_Thornwood_Falls_20260414_015452.jpg
2026-04-14 01:55:24,Etched Cornfield,dsk,258,dataset_rlhf\dsk\258_Etched_Cornfield_20260414_015524.jpg
2026-04-14 01:55:34,Suburban Sanctuary,spm,185,dataset_rlhf\spm\185_Suburban_Sanctuary_20260414_015534.jpg
2026-04-14 01:55:42,Blossoming Sands,dft,252,dataset_rlhf\dft\252_Blossoming_Sands_20260414_015542.jpg
2026-04-14 01:55:51,Lupinflower Village,blb,256,dataset_rlhf\blb\256_Lupinflower_Village_20260414_015551.jpg
2026-04-14 01:56:01,The Fair Basilica,one,252,dataset_rlhf\one\252_The_Fair_Basilica_20260414_015601.jpg
2026-04-14 01:56:08,The Fair Basilica,one,252,dataset_rlhf\one\252_The_Fair_Basilica_20260414_015608.jpg
2026-04-14 01:56:19,The Fair Basilica,one,252,dataset_rlhf\one\252_The_Fair_Basilica_20260414_015619.jpg
2026-04-14 01:56:39,Kabira Crossroads,j25,768,dataset_rlhf\j25\768_Kabira_Crossroads_20260414_015638.jpg
2026-04-14 01:56:51,The Hunter Maze,one,253,dataset_rlhf\one\253_The_Hunter_Maze_20260414_015651.jpg
2026-04-14 01:57:00,The Hunter Maze,one,253,dataset_rlhf\one\253_The_Hunter_Maze_20260414_015700.jpg
2026-04-14 01:57:09,The Hunter Maze,one,253,dataset_rlhf\one\253_The_Hunter_Maze_20260414_015709.jpg
